Артикул;Имя;Ссылка на шапку;Базовая цена;Изображения
Код товара:                                            01614;Шапка Дамир 50-52рр;https://talvi-ukraine.com/shapki?product_id=4608;74 грн;https://talvi-ukraine.com/image/cache/catalog/product_4608_0_image-320x320.jpg
Код товара:                                            00830;Шапка Дорофей 44-46рр;https://talvi-ukraine.com/shapki/shapka-disnej-44-46rr-3686;79 грн;https://talvi-ukraine.com/image/cache/catalog/product_3686_0_image-320x320.jpg
Код товара:                                            01594;Шапка Пинки 50-52рр;https://talvi-ukraine.com/shapki?product_id=4580;72 грн;https://talvi-ukraine.com/image/cache/catalog/product_4580_0_image-320x320.jpg
Код товара:                                            01595;Шапка Пинки 46-48рр;https://talvi-ukraine.com/shapki?product_id=4581;72 грн;https://talvi-ukraine.com/image/cache/catalog/product_4581_0_image-320x320.jpg
Код товара:                                            01582;Шапка Моника 44-46рр;https://talvi-ukraine.com/shapki?product_id=4567;89 грн;https://talvi-ukraine.com/image/cache/catalog/product_4567_0_image-320x320.jpg
Код товара:                                            01583;Шапка Моника 48-50рр;https://talvi-ukraine.com/shapki?product_id=4568;89 грн;https://talvi-ukraine.com/image/cache/catalog/product_4568_0_image-320x320.jpg
Код товара:                                            01584;Шапка Моника 52-54рр;https://talvi-ukraine.com/shapki?product_id=4569;89 грн;https://talvi-ukraine.com/image/cache/catalog/product_4569_0_image-320x320.jpg
Код товара:                                            01572;Шапка Бони 50-54р;https://talvi-ukraine.com/shapki?product_id=4553;86 грн;https://talvi-ukraine.com/image/cache/catalog/product_4553_0_image-320x320.jpg
Код товара:                                            01575;Шапка Диноклаб 44-46рр;https://talvi-ukraine.com/shapki?product_id=4560;86 грн;https://talvi-ukraine.com/image/cache/catalog/product_4560_0_image-320x320.jpg
Код товара:                                            01558;Шапка Дейзи 52-56рр;https://talvi-ukraine.com/shapki?product_id=4539;105 грн;https://talvi-ukraine.com/image/cache/catalog/product_4539_0_image-320x320.jpg
Код товара:                                            01559;Шапка Барли 52-56рр;https://talvi-ukraine.com/shapki?product_id=4540;103 грн;https://talvi-ukraine.com/image/cache/catalog/product_4540_0_image-320x320.jpg
Код товара:                                            01521;Шапка Пайк 46-48рр;https://talvi-ukraine.com/shapki?product_id=4491;137 грн;https://talvi-ukraine.com/image/cache/catalog/product_4491_0_image-320x320.jpg
Код товара:                                            01552;Шапка Бетани 54-58рр;https://talvi-ukraine.com/shapki?product_id=4533;121 грн;https://talvi-ukraine.com/image/cache/catalog/product_4533_0_image-320x320.jpg
Код товара:                                            01248;Шапка Аннет 44-46рр;https://talvi-ukraine.com/shapki?product_id=4131;116 грн;https://talvi-ukraine.com/image/cache/catalog/product_4131_0_image-320x320.jpg
Код товара:                                            01289;Шапка Аннет 48-50рр;https://talvi-ukraine.com/shapki?product_id=4176;116 грн;https://talvi-ukraine.com/image/cache/catalog/product_4176_0_image-320x320.jpg
Код товара:                                            01589;Шапка Луна 56-58рр;https://talvi-ukraine.com/shapki?product_id=4575;79 грн;https://talvi-ukraine.com/image/cache/catalog/product_4575_0_image-320x320.jpg
Код товара:                                            01631;Шапка Йори 44-46рр;https://talvi-ukraine.com/shapki?product_id=4628;69 грн;https://talvi-ukraine.com/image/cache/catalog/product_4628_0_image-320x320.jpg
Код товара:                                            01081;Шапка Йори 48-50рр;https://talvi-ukraine.com/shapki/shapka-jori-48-50rr-3938;69 грн;https://talvi-ukraine.com/image/cache/catalog/product_3938_0_image-320x320.jpg
Код товара:                                            01573;Шапка Вилл 44-46рр;https://talvi-ukraine.com/shapki?product_id=4557;89 грн;https://talvi-ukraine.com/image/cache/catalog/product_4557_0_image-320x320.jpg
Код товара:                                            01580;Шапка Йори 56-58рр;https://talvi-ukraine.com/shapki?product_id=4565;69 грн;https://talvi-ukraine.com/image/cache/catalog/product_4565_0_image-320x320.jpg
Код товара:                                            01436;Шапка Йори 52-54рр;https://talvi-ukraine.com/shapki?product_id=4334;69 грн;https://talvi-ukraine.com/image/cache/catalog/product_4334_0_image-320x320.jpg
Код товара:                                            01557;Шапка Сьюзен 52-56рр;https://talvi-ukraine.com/shapki?product_id=4538;105 грн;https://talvi-ukraine.com/image/cache/catalog/product_4538_0_image-320x320.jpg
Код товара:                                            00152;Шапка Арабика 46-48рр;https://talvi-ukraine.com/shapki/shapka-arabika-46-48rr;93 грн;https://talvi-ukraine.com/image/cache/catalog/product_3198_0_image-320x320.jpg
Код товара:                                            01605;Шапка Ханс 50-54рр;https://talvi-ukraine.com/shapki?product_id=4596;80 грн;https://talvi-ukraine.com/image/cache/catalog/product_4596_0_image-320x320.jpg
Код товара:                                            00311;Шапка Дед Мороз 52-58рр;https://talvi-ukraine.com/shapki/ded-moroz;15 грн;https://talvi-ukraine.com/image/cache/catalog/product_3281_0_image-320x320.jpg
Код товара:                                            01304;Шапка Эллоу 52-56рр;https://talvi-ukraine.com/shapki?product_id=4192;79 грн;https://talvi-ukraine.com/image/cache/catalog/product_4192_0_image-320x320.jpg
Код товара:                                            00950;Шапка Лиам 44-46рр;https://talvi-ukraine.com/shapki/shapka-liam-44-46rr-3806;69 грн;https://talvi-ukraine.com/image/cache/catalog/product_3806_0_image-320x320.jpg
Код товара:                                            00951;Шапка Лиам 48-50рр;https://talvi-ukraine.com/shapki/shapka-liam-48-50rr-3807;69 грн;https://talvi-ukraine.com/image/cache/catalog/product_3807_0_image-320x320.jpg
Код товара:                                            01227;Шапка Нео 44-50рр;https://talvi-ukraine.com/shapki?product_id=4117;86 грн;https://talvi-ukraine.com/image/cache/catalog/product_4117_0_image-320x320.jpg
Код товара:                                            01277;Шапка Селерн 52-54рр;https://talvi-ukraine.com/shapki?product_id=4163;93 грн;https://talvi-ukraine.com/image/cache/catalog/product_4163_0_image-320x320.jpg
Код товара:                                            01174;Шапка Единорог 50-52рр;https://talvi-ukraine.com/shapki/shapka-edinorog-50-52rr-4043;84 грн;https://talvi-ukraine.com/image/cache/catalog/product_4043_0_image-320x320.jpg
Код товара:                                            01600;Шапка Доминика 50-52рр;https://talvi-ukraine.com/shapki?product_id=4591;50 грн;https://talvi-ukraine.com/image/cache/catalog/product_4591_0_image-320x320.jpg
Код товара:                                            01472;Шапка Михо ангора 46-50рр;https://talvi-ukraine.com/shapki?product_id=4431;74 грн;https://talvi-ukraine.com/image/cache/catalog/product_4431_0_image-320x320.jpg
Код товара:                                            01475;Шапка Михо ангора 52-54рр;https://talvi-ukraine.com/shapki?product_id=4434;74 грн;https://talvi-ukraine.com/image/cache/catalog/product_4434_0_image-320x320.jpg
Код товара:                                            01593;Шапка Сатурн 50-52рр;https://talvi-ukraine.com/shapki?product_id=4579;55 грн;https://talvi-ukraine.com/image/cache/catalog/product_4579_0_image-320x320.jpg
Код товара:                                            01590;Шапка Маринетт 56-58рр;https://talvi-ukraine.com/shapki?product_id=4576;109 грн;https://talvi-ukraine.com/image/cache/catalog/product_4576_0_image-320x320.jpg
Код товара:                                            00391;Шапка Талви 54-56рр;https://talvi-ukraine.com/shapki?product_id=4574;39 грн;https://talvi-ukraine.com/image/cache/catalog/product_4574_0_image-320x320.jpg
Код товара:                                            01546;Хомут - капюшон Брауни one size;https://talvi-ukraine.com/shapki?product_id=4517;141 грн;https://talvi-ukraine.com/image/cache/catalog/product_4517_0_image-320x320.jpg
Код товара:                                            01554;Шапка Том 50-52рр;https://talvi-ukraine.com/shapki?product_id=4535;89 грн;https://talvi-ukraine.com/image/cache/catalog/product_4535_0_image-320x320.jpg
Код товара:                                            00236;Шапка Фиона 46-48рр;https://talvi-ukraine.com/shapki/shapka-fiona-46-48rr;94 грн;https://talvi-ukraine.com/image/cache/catalog/product_3095_0_image-320x320.jpg
Код товара:                                            01542;Шапка Майкл 52-58рр;https://talvi-ukraine.com/shapki?product_id=4513;88 грн;https://talvi-ukraine.com/image/cache/catalog/product_4513_0_image-320x320.jpg
Код товара:                                            00808;Шапка Альфред 54-56рр;https://talvi-ukraine.com/shapki/shapka-alfred-54-56rr-3664;30 грн;https://talvi-ukraine.com/image/cache/catalog/product_3664_0_image-320x320.jpg
Код товара:                                            01537;Шапка Ангорка 52-56рр;https://talvi-ukraine.com/shapki?product_id=4507;111 грн;https://talvi-ukraine.com/image/cache/catalog/product_4507_0_image-320x320.jpg
Код товара:                                            01530;Шапка Менди 52-56рр;https://talvi-ukraine.com/shapki?product_id=4498;95 грн;https://talvi-ukraine.com/image/cache/catalog/product_4498_0_image-320x320.jpg
Код товара:                                            01531;Шапка Альфа 54-58рр;https://talvi-ukraine.com/shapki?product_id=4499;79 грн;https://talvi-ukraine.com/image/cache/catalog/product_4499_0_image-320x320.jpg
Код товара:                                            01453;Шапка Лапушка 48-50рр;https://talvi-ukraine.com/shapki?product_id=4359;112 грн;https://talvi-ukraine.com/image/cache/catalog/product_4359_0_image-320x320.jpg
Код товара:                                            01511;Шапка Бекки 54-58рр;https://talvi-ukraine.com/shapki?product_id=4473;84 грн;https://talvi-ukraine.com/image/cache/catalog/product_4473_0_image-320x320.jpg
Код товара:                                            01516;Шапка Касия 50-58рр;https://talvi-ukraine.com/shapki?product_id=4482;73 грн;https://talvi-ukraine.com/image/cache/catalog/product_4482_0_image-320x320.jpg
Код товара:                                            01513;Шапка Магл 50-56рр;https://talvi-ukraine.com/shapki?product_id=4475;100 грн;https://talvi-ukraine.com/image/cache/catalog/product_4475_0_image-320x320.jpg
Код товара:                                            01514;Шапка Черри 50-58рр;https://talvi-ukraine.com/shapki?product_id=4477;104 грн;https://talvi-ukraine.com/image/cache/catalog/product_4477_0_image-320x320.jpg
Код товара:                                            01509;Шапка Брави Мульти 50-54рр;https://talvi-ukraine.com/shapki?product_id=4471;80 грн;https://talvi-ukraine.com/image/cache/catalog/product_4471_0_image-320x320.jpg
Код товара:                                            01488;Шапка Икс 48-54рр;https://talvi-ukraine.com/shapki?product_id=4450;76 грн;https://talvi-ukraine.com/image/cache/catalog/product_4450_0_image-320x320.jpg
Код товара:                                            01485;Шапка Юффи 36-38рр;https://talvi-ukraine.com/shapki?product_id=4446;84 грн;https://talvi-ukraine.com/image/cache/catalog/product_4446_0_image-320x320.jpg
Код товара:                                            01459;Шапка Лари 50-56рр;https://talvi-ukraine.com/shapki?product_id=4365;121 грн;https://talvi-ukraine.com/image/cache/catalog/product_4365_0_image-320x320.jpg
Код товара:                                            01468;Шапка Юстин 36-38рр;https://talvi-ukraine.com/shapki?product_id=4426;84 грн;https://talvi-ukraine.com/image/cache/catalog/product_4426_0_image-320x320.jpg
Код товара:                                            00911;Шапка Косичка 52-54рр;https://talvi-ukraine.com/shapki?product_id=4427;35 грн;https://talvi-ukraine.com/image/cache/catalog/product_4427_0_image-320x320.jpg
Код товара:                                            01467;Шапка Голди 54-56рр;https://talvi-ukraine.com/shapki?product_id=4425;89 грн;https://talvi-ukraine.com/image/cache/catalog/product_4425_0_image-320x320.jpg
Код товара:                                            01465;Шапка Брави Старс 50-54рр;https://talvi-ukraine.com/shapki?product_id=4423;80 грн;https://talvi-ukraine.com/image/cache/catalog/product_4423_0_image-320x320.jpg
Код товара:                                            01466;Шапка Брави Огонь 50-54рр;https://talvi-ukraine.com/shapki?product_id=4424;80 грн;https://talvi-ukraine.com/image/cache/catalog/product_4424_0_image-320x320.jpg
Код товара:                                            00006;Шапка Маркус 50-56рр;https://talvi-ukraine.com/shapki/shapka-markus-50-56rr;76 грн;https://talvi-ukraine.com/image/cache/catalog/product_3109_0_image-320x320.jpg
